{"tehran": {
    "قله خلنو": {"location":{"x":51.551944,"y":36.06472199999999},"status":"OK"},
    "قله برج": {"location":{"x":51.55063640101714,"y":36.05356558588125},"status":"OK"},
    "قله هرزه کوه": {"location":{"x":51.489284807211725,"y":32.358184738945624},"status":"OK"},
    "قله خرسچال": {"location":{"x":51.16563608600711,"y":35.84034316422117},"status":"OK"},
    "قله پالون گردن": {"location":{"x":50.2841428,"y":36.9926455},"status":"OK"},
    "قله سیونزا": {"location":{"x":48.9045635,"y":34.2307577},"status":"OK"},
    "قله سرکچال": {"location":{"x":51.539303600898116,"y":36.02840508840265},"status":"OK"},
    "قله کلون بستک": {"location":{"x":51.466677188873284,"y":36.05209157136748},"status":"OK"},
    "قله دالکولی": {"location":{"x":55.49973049999999,"y":37.274114999999995},"status":"OK"},
    "قله بندالکولی": {"location":{"x":55.49973049999999,"y":37.274114999999995},"status":"OK"},
    "قله دوبرار": {"location":{"x":51.019033788474744,"y":35.90826249977157},"status":"OK"},
    "قله سوزچال": {"location":{"x":54.6208926,"y":36.63691689999999},"status":"OK"},
    "قله انگمار": {"location":{"x":46.1761206,"y":35.499138},"status":"OK"},
    "قله ورزا": {"location":{"x":51.5823139,"y":36.0039036},"status":"OK"},
    "قله رخش": {"location":{"x":51.703697,"y":32.6588355},"status":"OK"},
    "قله میشینه مرگ": {"location":{"x":52.521944,"y":35.944311899999995},"status":"OK"},
    "قله ورزاب": {"location":{"x":54.10456,"y":32.139530699999995},"status":"OK"},
    "قله نسم بویدر": {"location":{"x":48.9045635,"y":34.2307577},"status":"OK"},
    "قله توچال": {"location":{"x":51.42482410000001,"y":35.84547679999999},"status":"OK"},
    "قله جانستون": {"location":{"x":51.616221462088646,"y":36.027560305919295},"status":"OK"},
    "قله خرسنگ": {"location":{"x":51.643509999986335,"y":36.023222063539784},"status":"OK"},
    "قله مهرچال": {"location":{"x":51.5931111,"y":35.9097642},"status":"OK"},
    "قله نسی جر": {"location":{"x":69.14789820121743,"y":34.564926083692406},"status":"OK"},
    "قله شاه نشین": {"location":{"x":49.75201485209939,"y":34.01403933352777},"status":"OK"},
    "قله سربازارک": {"location":{"x":46.1761206,"y":35.499138},"status":"OK"},
    "قله رودافشان": {"location":{"x":52.50415562266113,"y":35.642206087638186},"status":"OK"},
    "قله پلنگ چال": {"location":{"x":51.381405796855695,"y":35.853190019308656},"status":"OK"},
    "قله لزون": {"location":{"x":51.4562706809605,"y":35.86941082035742},"status":"OK"},
    "قله کلکچال": {"location":{"x":51.450116,"y":35.847341},"status":"OK"},
    "قله سیاه بند": {"location":{"x":51.8743531,"y":35.7190413},"status":"OK"},
    "قله بارو": {"location":{"x":70.71992499015572,"y":34.20887799580467},"status":"OK"},
    "قله دارآباد": {"location":{"x":54.1998624,"y":31.7490126},"status":"OK"},
    "قله اسپیلت": {"location":{"x":51.44098238011685,"y":35.8508855785673},"status":"OK"},
    "قله کماچال": {"location":{"x":49.98983429304136,"y":37.24140069554737},"status":"OK"},
    "قله رندان": {"location":{"x":51.31397937175965,"y":35.89919280349167},"status":"OK"},
    "قله دو شاخ": {"location":{"x":51.3616819,"y":35.84741989999999},"status":"OK"},
    "قله چین کلاغ": {"location":{"x":51.35940553969705,"y":35.80176692151876},"status":"OK"},
    "قله عرق چین": {"location":{"x":51.146951,"y":31.4898055},"status":"OK"},
    "قله بند عیش": {"location":{"x":51.30920559466098,"y":35.80176560169551},"status":"OK"},
    "قله سولدار": {"location":{"x":51.319030407032926,"y":35.81539557408792},"status":"OK"},
    "قله آتش آباد": {"location":{"x":59.49720829725266,"y":36.32822470979129},"status":"OK"},
    "قله آتش کوه": {"location":{"x":50.53919577325274,"y":36.08491188707334},"status":"OK"},
    "قله آخچال": {"location":{"x":49.18439092581113,"y":34.08249843795719},"status":"OK"},
    "قله آویشو": {"location":{"x":51.14636303735715,"y":36.49810362121653},"status":"OK"},
    "قله اتیک": {"location":{"x":59.57302330000001,"y":36.30408070000001},"status":"OK"},
    "قله ابوالمعالی": {"location":{"x":47.0680902,"y":34.3196555},"status":"OK"},
    "قله اجنک": {"location":{"x":55.49973049999999,"y":37.274114999999995},"status":"OK"},
    "قله اردنگ": {"location":{"x":51.16563608600711,"y":35.84034316422117},"status":"OK"},
    "قله ارونده": {"location":{"x":51.54749653242769,"y":35.98427479362176},"status":"OK"},
    "قله استه دان": {"location":{"x":55.9832264,"y":26.8613523},"status":"OK"},
    "قله استخرکمال": {"location":{"x":46.1761206,"y":35.499138},"status":"OK"},
    "قله اشتر گاه": {"location":{"x":50.7091063,"y":36.0857837},"status":"OK"},
    "قله اشترگردن": {"location":{"x":51.737873892798035,"y":35.75015189567036},"status":"OK"},
    "قله افجه": {"location":{"x":51.6935037,"y":35.8604329},"status":"OK"},
    "قله البرز": {"location":{"x":50.913427308511054,"y":35.932736412301004},"status":"OK"},
    "قله امام زاده هاشم": {"location":{"x":49.6907115,"y":37.1205428},"status":"OK"},
    "قله انبار آلوم": {"location":{"x":45.92117753101725,"y":37.86453806426385},"status":"OK"},
    "قله انبره": {"location":{"x":51.54749653242769,"y":35.98427479362176},"status":"OK"},
    "قله اوشان": {"location":{"x":51.5254014,"y":35.8986807},"status":"OK"},
    "قله اهن کله": {"location":{"x":52.3436941,"y":36.2090519},"status":"OK"},
    "قله ایرا": {"location":{"x":52.1691625,"y":35.8522191},"status":"OK"},
    "قله بازارک": {"location":{"x":51.0689687,"y":35.4654826},"status":"OK"},
    "قله بزقوش": {"location":{"x":47.44591326214469,"y":37.75612745261698},"status":"OK"},
    "قله برگ جهان": {"location":{"x":51.76290301393501,"y":35.84248854351114},"status":"OK"},
    "قله برف خور": {"location":{"x":51.1579365,"y":35.9146624},"status":"OK"},
    "قله بری": {"location":{"x":54.4136927,"y":36.8455532},"status":"OK"},
    "قله بلوط کوه": {"location":{"x":50.77885205583542,"y":36.09672842228867},"status":"OK"},
    "قله بند یخچال": {"location":{"x":51.4224832,"y":35.8400541},"status":"OK"},
    "قله بید پا": {"location":{"x":51.9318989,"y":35.3668296},"status":"OK"},
    "قله بیورد": {"location":{"x":51.16563608600711,"y":35.84034316422117},"status":"OK"},
    "قله پرچم دار": {"location":{"x":49.72218297144405,"y":34.0889124534017},"status":"OK"},
    "قله پس قلعه": {"location":{"x":53.4575891,"y":30.8877975},"status":"OK"},
    "قله پهن حصار": {"location":{"x":51.617652504835775,"y":35.64446623600907},"status":"OK"},
    "قله پهن سار": {"location":{"x":49.7289677,"y":34.0503268},"status":"OK"},
    "قله تالون": {"location":{"x":45.61363329365053,"y":35.95392169565314},"status":"OK"},
    "قله تخت بادامی": {"location":{"x":56.6362401,"y":27.4982966},"status":"OK"},
    "قله تخت رستم": {"location":{"x":51.609865870775536,"y":32.60428514745578},"status":"OK"},
    "قله ترسا": {"location":{"x":51.54749653242769,"y":35.98427479362176},"status":"OK"},
    "قله تند آب": {"location":{"x":50.803734475683896,"y":32.314999904070056},"status":"OK"},
    "قله جالاک": {"location":{"x":49.18439092581113,"y":34.08249843795719},"status":"OK"},
    "قله جوارزا": {"location":{"x":51.16563608600711,"y":35.84034316422117},"status":"OK"},
    "قله چالوس گشت": {"location":{"x":51.43052919704456,"y":36.64873140890983},"status":"OK"},
    "قله چشمه شاهی": {"location":{"x":50.6745199,"y":32.9294495},"status":"OK"},
    "قله حاجی کلا": {"location":{"x":52.2358014,"y":36.4389337},"status":"OK"},
    "قله خاتون بارگاه": {"location":{"x":47.3702879,"y":37.1907227},"status":"OK"},
    "قله خالی کوه": {"location":{"x":57.38851039891292,"y":37.39850862865533},"status":"OK"},
    "قله خمسه": {"location":{"x":50.0196101,"y":36.2960916},"status":"OK"},
    "قله داراب": {"location":{"x":54.548148992406844,"y":28.75319389633374},"status":"OK"},
    "قله دربندسر": {"location":{"x":51.4625037,"y":36.0133089},"status":"OK"},
    "قله دزدان": {"location":{"x":45.91666689360836,"y":35.8499999956619},"status":"OK"},
    "قله دشتاب": {"location":{"x":60.251733391612895,"y":35.035365295731765},"status":"OK"},
    "قله دلاک پشت": {"location":{"x":50.3766569,